,weight
"X,X,X,X,WK,X,X,X,X,X,X,X,X,X,X,X,X,X,X,X,BH,X,X,X,X,X,X,BP,WQB,WR,BP,X,X,X,WP,X,BR,X,X,X,X,X,X,X,BK,WQ,X,BQB,WR,X,X,X,X,X,X,X,BKB,X,X,X,X,X,X,X",100.0
"X,X,X,X,WK,X,X,X,X,X,X,X,X,X,X,X,X,X,X,X,BH,X,X,X,X,X,X,BP,WQB,WR,BP,X,X,X,WP,X,BR,X,X,X,X,X,X,X,BK,X,X,BQB,WR,X,X,X,X,X,X,X,BKB,X,X,WQ,X,X,X,X",90.9090909090909
"X,X,X,X,WK,X,X,X,X,X,X,X,X,X,X,X,X,X,X,X,X,X,X,X,X,X,BH,BP,WQB,WR,BP,X,X,X,WP,X,BR,X,X,X,X,X,X,X,BK,X,X,BQB,WR,X,X,X,X,X,X,X,BKB,X,X,WQ,X,X,X,X",82.64462809917354
"X,X,X,X,WK,X,X,X,X,X,X,X,X,X,X,X,X,X,X,X,X,X,X,X,WR,X,BH,BP,WQB,WR,BP,X,X,X,WP,X,BR,X,X,X,X,X,X,X,BK,X,X,BQB,X,X,X,X,X,X,X,X,BKB,X,X,WQ,X,X,X,X",75.13148009015777
"X,X,X,X,WK,X,X,X,X,X,X,X,X,X,X,X,X,X,X,X,X,X,X,X,WR,X,BH,BP,WQB,WR,BP,X,X,X,WP,X,BR,X,X,X,X,X,X,X,BK,X,X,X,X,X,X,X,X,X,BQB,X,BKB,X,X,WQ,X,X,X,X",68.30134553650706
"X,X,X,X,X,X,X,X,X,X,X,X,WK,X,X,X,X,X,X,X,X,X,X,X,WR,X,BH,BP,WQB,WR,BP,X,X,X,WP,X,BR,X,X,X,X,X,X,X,BK,X,X,X,X,X,X,X,X,X,BQB,X,BKB,X,X,WQ,X,X,X,X",62.0921323059155
"X,X,X,X,X,X,X,X,X,X,X,X,WK,X,X,X,X,X,X,X,X,X,X,X,WR,X,BH,BP,WQB,WR,BP,X,X,X,WP,BR,WP,X,X,X,X,X,X,X,BK,X,X,X,X,X,X,X,X,X,BQB,X,BKB,X,X,WQ,X,X,X,X",56.44739300537772
"X,X,X,X,X,X,X,X,WR,X,X,X,WK,X,X,X,X,X,X,X,X,X,X,X,X,X,BH,BP,WQB,WR,BP,X,X,X,WP,BR,WP,X,X,X,X,X,X,X,BK,X,X,X,X,X,X,X,X,X,BQB,X,BKB,X,X,WQ,X,X,X,X",51.31581182307065
"X,X,X,X,X,X,X,X,WR,X,X,X,WK,X,X,X,BH,X,X,X,X,X,X,X,X,X,X,BP,WQB,WR,BP,X,X,X,WP,BR,WP,X,X,X,X,X,X,X,BK,X,X,X,X,X,X,X,X,X,BQB,X,BKB,X,X,WQ,X,X,X,X",46.650738020973314
"X,X,X,X,X,X,X,X,WR,X,X,X,WK,X,WQB,X,BH,X,X,X,X,X,X,X,X,X,X,BP,X,WR,BP,X,X,X,WP,BR,WP,X,X,X,X,X,X,X,BK,X,X,X,X,X,X,X,X,X,BQB,X,BKB,X,X,WQ,X,X,X,X",42.40976183724847
"X,X,X,X,X,X,X,X,WR,X,X,X,WK,X,WQB,X,BH,X,X,X,X,X,X,X,X,X,X,BP,X,WR,BP,X,X,X,WP,BR,WP,X,X,X,X,X,X,X,WP,X,X,X,X,X,X,X,BK,X,BQB,X,BKB,X,X,WQ,X,X,X,X",38.55432894295315
"X,X,X,X,X,X,X,X,WR,X,X,X,WK,X,WQB,X,BH,X,X,X,X,X,X,X,X,X,X,BP,X,WR,BP,X,X,X,WP,BR,WP,X,X,X,X,WQ,X,X,WP,X,X,X,X,X,X,X,BK,X,BQB,X,BKB,X,X,X,X,X,X,X",35.04938994813922
"X,X,X,X,X,X,X,X,WR,X,X,X,WK,X,WQB,X,BH,X,X,X,X,X,X,X,X,X,X,BP,X,WR,BP,X,X,X,WP,X,WP,X,X,X,X,WQ,X,X,WP,X,X,X,X,X,X,BR,BK,X,BQB,X,BKB,X,X,X,X,X,X,X",31.863081771035652
"X,X,X,X,X,X,X,X,WR,X,X,X,WK,X,WQB,X,BH,X,X,X,X,X,X,X,X,X,X,BP,WR,X,BP,X,X,X,WP,X,WP,X,X,X,X,WQ,X,X,WP,X,X,X,X,X,X,BR,BK,X,BQB,X,BKB,X,X,X,X,X,X,X",28.96643797366877
"X,X,X,X,X,X,X,X,WR,X,X,X,WK,X,WQB,X,BH,X,X,X,X,X,X,X,X,X,X,BP,WR,X,BP,X,X,X,WP,X,WP,X,X,X,X,WQ,X,X,WP,X,X,X,X,BR,X,X,BK,X,BQB,X,BKB,X,X,X,X,X,X,X",26.33312543060797
"X,X,X,X,X,X,X,X,WR,X,X,X,WK,X,WQB,X,BH,X,X,X,X,X,X,X,X,X,WP,BP,WR,X,BP,X,X,X,X,X,WP,X,X,X,X,WQ,X,X,WP,X,X,X,X,BR,X,X,BK,X,BQB,X,BKB,X,X,X,X,X,X,X",23.939204936916337
"X,X,X,X,X,X,X,X,WR,X,X,X,WK,X,WQB,X,BH,X,X,X,X,X,X,X,X,X,WP,X,WR,X,BP,X,X,X,X,BP,WP,X,X,X,X,WQ,X,X,WP,X,X,X,X,BR,X,X,BK,X,BQB,X,BKB,X,X,X,X,X,X,X",21.76291357901485
"X,X,X,X,X,X,X,X,WR,X,X,X,X,X,WQB,X,BH,X,X,X,WK,X,X,X,X,X,WP,X,WR,X,BP,X,X,X,X,BP,WP,X,X,X,X,WQ,X,X,WP,X,X,X,X,BR,X,X,BK,X,BQB,X,BKB,X,X,X,X,X,X,X",19.784466890013498
"X,X,X,X,X,X,X,X,WR,X,X,X,X,X,WQB,X,BH,X,X,X,WK,X,X,X,X,X,WP,X,WR,X,X,X,X,X,X,BP,WP,X,BP,X,X,WQ,X,X,WP,X,X,X,X,BR,X,X,BK,X,BQB,X,BKB,X,X,X,X,X,X,X",17.98587899092136
"X,WQ,X,X,X,X,X,X,WR,X,X,X,X,X,WQB,X,BH,X,X,X,WK,X,X,X,X,X,WP,X,WR,X,X,X,X,X,X,BP,WP,X,BP,X,X,X,X,X,WP,X,X,X,X,BR,X,X,BK,X,BQB,X,BKB,X,X,X,X,X,X,X",16.35079908265578
"X,WQ,X,X,X,X,X,X,WR,X,X,X,X,X,WQB,X,BH,X,X,X,WK,X,X,X,X,X,WP,X,WR,X,X,X,X,X,X,X,WP,X,BP,X,X,X,X,BP,WP,X,X,X,X,BR,X,X,BK,X,BQB,X,BKB,X,X,X,X,X,X,X",14.864362802414345
"X,WQ,X,X,X,X,X,X,WR,X,X,WK,X,X,WQB,X,BH,X,X,X,BQ,X,X,X,X,X,WP,X,WR,X,X,X,X,X,X,X,WP,X,BP,X,X,X,X,BP,WP,X,X,X,X,BR,X,X,BK,X,BQB,X,BKB,X,X,X,X,X,X,X",13.51305709310395
"X,WQ,X,X,X,X,X,X,WR,X,X,WK,X,X,WQB,X,BH,X,X,X,WH,X,X,X,X,X,WP,X,WR,X,X,X,X,X,BQ,X,WP,X,BP,X,X,X,X,BP,WP,X,X,X,X,BR,X,X,BK,X,BQB,X,BKB,X,X,X,X,X,X,X",12.284597357367225
"X,WQ,WK,X,X,X,X,X,WR,X,X,X,X,X,WQB,X,BH,X,X,X,WH,X,X,X,X,X,WP,X,WR,X,X,X,X,X,BQ,X,WP,X,BP,X,X,X,X,BP,WP,X,X,X,X,BR,X,X,BK,X,BQB,X,BKB,X,X,X,X,X,X,X",11.16781577942475
"X,WQ,WK,X,X,X,X,X,WR,X,X,X,X,X,WQB,X,BH,X,X,X,WH,X,X,X,X,X,WP,X,WR,X,X,X,X,X,BQ,X,WP,X,BP,X,X,X,X,BP,WP,X,X,X,BR,X,X,X,BK,X,BQB,X,BKB,X,X,X,X,X,X,X",10.152559799477045
"X,WQ,WK,X,X,X,X,X,WR,X,WH,X,X,X,WQB,X,BH,X,X,X,X,X,X,X,X,X,WP,X,WR,X,X,X,X,X,BQ,X,WP,X,BP,X,X,X,X,BP,WP,X,X,X,BR,X,X,X,BK,X,BQB,X,BKB,X,X,X,X,X,X,X",9.229599817706404
"X,WQ,WK,X,X,X,X,X,WR,X,WH,X,X,X,WQB,X,BH,X,X,X,X,X,X,X,X,X,WP,X,WR,X,X,X,BQ,X,X,X,WP,X,BP,X,X,X,X,BP,WP,X,X,X,BR,X,X,X,BK,X,BQB,X,BKB,X,X,X,X,X,X,X",8.390545288824002
"X,BH,WK,X,X,X,X,X,WR,X,WH,X,X,X,WQB,X,BH,X,X,X,X,X,X,X,X,X,WP,X,WR,X,X,X,BQ,X,X,X,WP,X,BP,X,X,WQ,X,BP,WP,X,X,X,BR,X,X,X,BK,X,BQB,X,BKB,X,X,X,X,X,X,X",7.627768444385456
"X,BH,WK,X,X,X,X,X,WR,X,WH,X,X,X,WQB,X,BH,X,X,X,X,X,X,X,X,X,WP,X,WR,X,X,X,BQ,X,X,X,WP,X,BP,X,X,WQ,X,BP,WP,X,X,BQB,BR,X,X,X,BK,X,X,X,BKB,X,X,X,X,X,X,X",6.934334949441324
"X,BH,WK,X,X,X,X,X,WR,X,WH,X,WR,X,WQB,X,BH,X,X,X,X,X,X,X,X,X,WP,X,X,X,X,X,BQ,X,X,X,WP,X,BP,X,X,WQ,X,BP,WP,X,X,BQB,BR,X,X,X,BK,X,X,X,BKB,X,X,X,X,X,X,X",6.303940863128475
"X,X,WK,X,X,X,X,X,WR,X,WH,BH,WR,X,WQB,X,BH,X,X,X,X,X,X,X,X,X,WP,X,X,X,X,X,BQ,X,X,X,WP,X,BP,X,X,WQ,X,BP,WP,X,X,BQB,BR,X,X,X,BK,X,X,X,BKB,X,X,X,X,X,X,X",5.730855330116795
"X,WQ,WK,X,X,X,X,X,WR,X,WH,BH,WR,X,WQB,X,BH,X,X,X,X,X,X,X,X,X,WP,X,X,X,X,X,BQ,X,X,X,WP,X,BP,X,X,X,X,BP,WP,X,X,BQB,BR,X,X,X,BK,X,X,X,BKB,X,X,X,X,X,X,X",5.209868481924359
"X,WQ,WK,X,X,X,X,X,WR,X,WH,BH,WR,X,WQB,X,BH,X,X,X,X,X,X,X,X,X,WP,X,X,X,X,X,X,X,X,X,WP,X,BP,X,X,X,X,BP,WP,X,X,BQB,BR,X,BQ,X,BK,X,X,X,BKB,X,X,X,X,X,X,X",4.73624407447669
"X,WQ,WK,X,WR,X,X,X,WR,X,WH,BH,X,X,WQB,X,BH,X,X,X,X,X,X,X,X,X,WP,X,X,X,X,X,X,X,X,X,WP,X,BP,X,X,X,X,BP,WP,X,X,BQB,BR,X,BQ,X,BK,X,X,X,BKB,X,X,X,X,X,X,X",4.305676431342445
"X,WQ,WK,X,WR,X,X,X,WR,X,WH,BH,X,X,WQB,X,X,X,X,X,X,X,X,X,X,X,WP,X,X,X,X,X,X,BH,X,X,WP,X,BP,X,X,X,X,BP,WP,X,X,BQB,BR,X,BQ,X,BK,X,X,X,BKB,X,X,X,X,X,X,X",3.9142513012204048
"X,WQ,WK,X,WR,X,X,X,WR,X,WH,BH,X,X,WQB,X,X,X,X,X,X,X,X,X,X,X,WP,X,X,X,X,X,X,BH,X,WP,WP,X,BP,X,X,X,X,BP,BR,X,X,BQB,BR,X,BQ,X,BK,X,X,X,BKB,X,X,X,X,X,X,X",3.5584102738367314
"X,WQ,WK,X,WR,X,X,X,WR,X,WH,BH,X,X,WQB,X,X,X,X,X,X,X,X,X,X,X,WP,X,X,X,X,X,X,BH,X,WP,WP,X,BP,X,X,X,X,BP,BR,X,X,BQB,BR,X,BQ,BK,X,X,X,X,BKB,X,X,X,X,X,X,X",3.2349184307606644
"X,WQ,WK,X,WR,WQB,X,X,WR,X,WH,BH,X,X,BP,X,X,X,X,X,X,X,X,X,X,X,WP,X,X,X,X,X,X,BH,X,WP,WP,X,BP,X,X,X,X,BP,BR,X,X,BQB,BR,X,BQ,BK,X,X,X,X,BKB,X,X,X,X,X,X,X",2.940834937055149
"X,WQ,WK,X,WR,WQB,X,X,WR,X,WH,BH,X,X,BP,X,X,X,X,X,X,X,X,X,X,X,WP,X,X,X,X,X,X,BH,X,WP,WP,X,BP,X,X,X,X,BP,BR,X,X,BQB,BR,BKB,BQ,BK,X,X,X,X,X,X,X,X,X,X,X,X",2.6734863064137717
"X,WQ,X,X,WR,WQB,X,X,WR,WK,WH,BH,X,X,BP,X,X,X,X,X,X,X,X,X,X,X,WP,X,X,X,X,X,X,BH,X,WP,WP,X,BP,X,X,X,X,BP,BR,X,X,BQB,BR,BKB,BQ,BK,X,X,X,X,X,X,X,X,X,X,X,X",2.4304420967397924
"X,WQ,X,X,WR,WQB,X,X,WR,WK,WH,BH,X,X,X,X,X,X,X,X,X,X,BP,X,X,X,WP,X,X,X,X,X,X,BH,X,WP,WP,X,BP,X,X,X,X,BP,BR,X,X,BQB,BR,BKB,BQ,BK,X,X,X,X,X,X,X,X,X,X,X,X",2.209492815217993
"X,WQ,X,X,WR,WQB,X,X,WR,X,WH,BH,X,X,X,X,X,WK,X,X,X,X,BP,X,X,X,WP,X,X,X,X,X,X,BH,X,WP,WP,X,BP,X,X,X,X,BP,BR,X,X,BQB,BR,BKB,BQ,BK,X,X,X,X,X,X,X,X,X,X,X,X",2.008629832016357
"X,WQ,X,X,WR,WQB,X,X,WR,X,WH,X,X,X,X,X,X,WK,X,X,X,X,BP,X,X,X,WP,X,BH,X,X,X,X,BH,X,WP,WP,X,BP,X,X,X,X,BP,BR,X,X,BQB,BR,BKB,BQ,BK,X,X,X,X,X,X,X,X,X,X,X,X",1.8260271200148699
"X,WQ,X,X,WR,WQB,X,X,WR,X,X,X,X,X,X,X,X,WK,X,X,X,X,BP,X,X,WH,WP,X,BH,X,X,X,X,BH,X,WP,WP,X,BP,X,X,X,X,BP,BR,X,X,BQB,BR,BKB,BQ,BK,X,X,X,X,X,X,X,X,X,X,X,X",1.6600246545589725
"X,WQ,X,X,WR,WQB,X,X,WR,X,X,X,X,BH,X,X,X,WK,X,X,X,X,BP,X,X,WH,WP,X,X,X,X,X,X,BH,X,WP,WP,X,BP,X,X,X,X,BP,BR,X,X,BQB,BR,BKB,BQ,BK,X,X,X,X,X,X,X,X,X,X,X,X",1.5091133223263384
"X,WQ,X,X,WR,WQB,X,X,WR,X,X,X,X,BH,X,X,X,WK,X,X,X,X,BP,X,X,WH,WP,WP,X,X,X,X,X,BH,X,X,WP,X,BP,X,X,X,X,BP,BR,X,X,BQB,BR,BKB,BQ,BK,X,X,X,X,X,X,X,X,X,X,X,X",1.371921202114853
"X,WQ,X,X,WR,WQB,X,X,WR,X,X,X,X,BH,X,X,X,WK,X,X,X,X,BP,X,X,WH,WP,WP,X,X,X,X,BQ,BH,X,X,WP,X,BP,X,X,X,X,BP,BR,X,X,BQB,BR,BKB,X,BK,X,X,X,X,X,X,X,X,X,X,X,X",1.2472010928316846
"X,WQ,X,X,WR,WQB,X,X,X,WR,X,X,X,BH,X,X,X,WK,X,X,X,X,BP,X,X,WH,WP,WP,X,X,X,X,BQ,BH,X,X,WP,X,BP,X,X,X,X,BP,BR,X,X,BQB,BR,BKB,X,BK,X,X,X,X,X,X,X,X,X,X,X,X",1.1338191753015314
"X,WQ,X,X,WR,WQB,X,X,X,WR,X,X,X,BH,X,X,X,WK,X,X,X,X,BP,X,X,WH,WP,WP,X,X,X,X,X,BH,X,X,WP,X,BP,X,X,X,X,BP,BR,X,X,BQB,BR,BKB,X,BK,X,X,X,X,X,X,X,BQ,X,X,X,X",1.030744704819574
"X,X,X,WQ,WR,WQB,X,X,X,WR,X,X,X,BH,X,X,X,WK,X,X,X,X,BP,X,X,WH,WP,WP,X,X,X,X,X,BH,X,X,WP,X,BP,X,X,X,X,BP,BR,X,X,BQB,BR,BKB,X,BK,X,X,X,X,X,X,X,BQ,X,X,X,X",0.9370406407450671
"X,X,X,WQ,WR,WQB,X,X,X,WR,X,X,X,BH,X,X,X,WK,X,X,X,X,BP,X,X,WH,WP,WP,X,X,X,X,X,BH,X,X,WP,X,BP,X,X,X,X,BP,X,X,BR,BQB,BR,BKB,X,BK,X,X,X,X,X,X,X,BQ,X,X,X,X",0.8518551279500609
"X,X,X,WQ,WR,WQB,X,X,X,WR,X,X,X,BH,X,X,X,WK,X,X,X,X,BP,X,X,WH,WP,WP,WP,X,X,X,X,BH,X,X,X,X,BP,X,X,X,X,BP,X,X,BR,BQB,BR,BKB,X,BK,X,X,X,X,X,X,X,BQ,X,X,X,X",0.7744137526818735
"X,X,X,WQ,WR,WQB,X,X,X,WR,X,X,X,BH,X,X,X,WK,X,X,X,X,BP,X,X,WH,WP,WP,WP,X,X,X,X,BH,X,X,X,X,BP,X,BKB,X,X,BP,X,X,BR,BQB,BR,X,X,BK,X,X,X,X,X,X,X,BQ,X,X,X,X",0.7040125024380668
"X,X,X,WQ,WR,WQB,X,X,X,WR,X,X,WP,BH,X,X,X,WK,X,X,X,X,BP,X,X,WH,WP,WP,X,X,X,X,X,BH,X,X,X,X,BP,X,BKB,X,X,BP,X,X,BR,BQB,BR,X,X,BK,X,X,X,X,X,X,X,BQ,X,X,X,X",0.640011365852788
"X,X,X,WQ,WR,WQB,X,X,X,WR,X,X,WP,BH,X,X,X,WK,X,X,X,X,BP,X,X,WH,WP,WP,X,X,X,X,X,BH,X,X,X,X,BP,X,BKB,X,X,BP,X,X,BR,BQB,BR,X,X,X,X,X,X,X,X,X,X,BQ,BK,X,X,X",0.5818285144116253
"X,X,X,WQ,WR,WQB,X,X,WK,WR,X,X,WP,BH,X,X,X,X,X,X,X,X,BP,X,X,WH,WP,WP,X,X,X,X,X,BH,X,X,X,X,BP,X,BKB,X,X,BP,X,X,BR,BQB,BR,X,X,X,X,X,X,X,X,X,X,BQ,BK,X,X,X",0.5289350131014775
"X,X,X,WQ,WR,WQB,X,X,WK,WR,X,X,WP,BH,X,X,X,X,X,X,X,X,X,X,X,WH,WP,WP,X,X,BP,X,X,BH,X,X,X,X,BP,X,BKB,X,X,BP,X,X,BR,BQB,BR,X,X,X,X,X,X,X,X,X,X,BQ,BK,X,X,X",0.480850011910434
"X,X,WQ,X,WR,WQB,X,X,WK,WR,X,X,WP,BH,X,X,X,X,X,X,X,X,X,X,X,WH,WP,WP,X,X,BP,X,X,BH,X,X,X,X,BP,X,BKB,X,X,BP,X,X,BR,BQB,BR,X,X,X,X,X,X,X,X,X,X,BQ,BK,X,X,X",0.4371363744640309
"X,X,WQ,X,WR,WQB,X,X,WK,WR,X,X,WP,BH,X,X,X,X,X,X,X,X,X,X,X,WH,WP,WP,X,X,BP,X,X,BH,X,X,X,X,BP,X,BKB,X,X,BP,X,X,BR,BQB,X,X,X,X,X,X,X,X,BR,X,X,BQ,BK,X,X,X",0.39739670405820987
"X,X,WQ,X,WR,WQB,X,X,WK,WR,X,X,WP,BH,X,X,X,X,X,WH,X,X,X,X,X,BP,WP,WP,X,X,BP,X,X,BH,X,X,X,X,BP,X,BKB,X,X,BP,X,X,BR,BQB,X,X,X,X,X,X,X,X,BR,X,X,BQ,BK,X,X,X",0.36126973096200893
"X,X,WQ,X,WR,WQB,X,X,WK,WR,X,X,WP,BH,X,X,X,X,X,WH,X,X,X,X,X,BP,WP,WP,X,X,BP,X,X,BH,X,X,X,X,BP,X,BKB,X,X,BP,X,X,BR,BQB,X,X,X,BQ,X,X,X,X,BR,X,X,WKB,BK,X,X,X",0.3284270281472808
"X,X,X,X,WR,WQB,X,X,WK,WR,WQ,X,WP,BH,X,X,X,X,X,WH,X,X,X,X,X,BP,WP,WP,X,X,BP,X,X,BH,X,X,X,X,BP,X,BKB,X,X,BP,X,X,BR,BQB,X,X,X,BQ,X,X,X,X,BR,X,X,WKB,BK,X,X,X",0.2985700255884371
"X,X,X,X,WR,WQB,X,X,WK,WR,WQ,X,WP,BH,X,X,X,X,X,WH,X,X,X,X,X,BP,WP,WP,X,X,BP,X,X,BH,X,X,X,X,BP,X,BKB,X,X,BP,X,X,BR,X,X,X,X,BQ,X,X,X,X,BR,X,X,WKB,BK,BQB,X,X",0.2714272959894882
"X,X,X,X,WR,WQB,X,X,WK,WR,WQ,X,WP,BH,X,X,X,X,X,X,X,X,X,X,X,BP,WP,WP,X,X,BP,X,X,BH,X,X,WH,X,BP,X,BKB,X,X,BP,X,X,BR,X,X,X,X,BQ,X,X,X,X,BR,X,X,WKB,BK,BQB,X,X",0.2467520872631711
"X,X,X,X,WR,WQB,X,X,WK,WR,WQ,X,WP,BH,X,X,X,X,X,X,X,X,X,X,X,BP,WP,WP,X,X,BP,X,X,BH,X,X,WH,X,BP,X,BKB,X,X,BP,X,X,BR,BQB,X,X,X,BQ,X,X,X,X,BR,X,X,WKB,BK,X,X,X",0.22432007933015552
"X,X,X,WQ,WR,WQB,X,X,WK,WR,X,X,WP,BH,X,X,X,X,X,X,X,X,X,X,X,BP,WP,WP,X,X,BP,X,X,BH,X,X,WH,X,BP,X,BKB,X,X,BP,X,X,BR,BQB,X,X,X,BQ,X,X,X,X,BR,X,X,WKB,BK,X,X,X",0.2039273448455959
"X,X,X,WQ,WR,WQB,X,X,WK,WR,X,X,WP,BH,X,X,X,X,X,X,X,X,X,X,X,BP,WP,WP,X,X,BP,X,X,BH,X,X,WH,X,BP,X,BKB,X,X,BP,X,X,X,BQB,X,X,X,BQ,X,X,X,X,BR,X,X,WKB,BK,X,BR,X",0.1853884953141781
"WK,X,X,WQ,WR,WQB,X,X,X,WR,X,X,WP,BH,X,X,X,X,X,X,X,X,X,X,X,BP,WP,WP,X,X,BP,X,X,BH,X,X,WH,X,BP,X,BKB,X,X,BP,X,X,X,BQB,X,X,X,BQ,X,X,X,X,BR,X,X,WKB,BK,X,BR,X",0.1685349957401619
"WK,X,X,WQ,WR,WQB,X,X,X,WR,X,X,WP,BH,X,X,X,X,X,X,X,X,X,X,X,BP,WP,WP,X,X,BP,X,X,BH,X,X,WH,X,BP,X,BKB,X,X,BP,X,X,X,X,X,X,X,BQ,X,X,X,X,BR,X,X,WKB,BK,BQB,BR,X",0.15321363249105627
"WK,X,X,WQ,WR,WQB,X,X,X,X,WR,X,WP,BH,X,X,X,X,X,X,X,X,X,X,X,BP,WP,WP,X,X,BP,X,X,BH,X,X,WH,X,BP,X,BKB,X,X,BP,X,X,X,X,X,X,X,BQ,X,X,X,X,BR,X,X,WKB,BK,BQB,BR,X",0.13928512044641478
"WK,X,X,WQ,WR,WQB,X,X,X,X,WR,X,WP,BH,X,X,X,X,X,X,X,X,X,X,X,BP,WP,WP,X,X,BP,X,X,BH,X,X,WH,X,BP,X,BKB,X,X,BP,X,X,X,X,X,X,X,X,X,X,X,X,BR,X,BQ,WKB,BK,BQB,BR,X",0.12662283676946798
"WK,X,X,WQ,WR,X,X,X,X,X,WR,X,WP,BH,WQB,X,X,X,X,X,X,X,X,X,X,BP,WP,WP,X,X,BP,X,X,BH,X,X,WH,X,BP,X,BKB,X,X,BP,X,X,X,X,X,X,X,X,X,X,X,X,BR,X,BQ,WKB,BK,BQB,BR,X",0.11511166979042542
"WK,X,X,WQ,WR,X,X,X,X,X,WR,X,WP,BH,WQB,X,X,X,X,X,X,X,X,X,X,BP,WP,WP,X,X,BP,X,X,BH,X,X,WH,X,X,X,BKB,X,X,BP,X,X,BP,X,X,X,X,X,X,X,X,X,BR,X,BQ,WKB,BK,BQB,BR,X",0.10464697253675037
"WK,X,X,WQ,X,WR,X,X,X,X,WR,X,WP,BH,WQB,X,X,X,X,X,X,X,X,X,X,BP,WP,WP,X,X,BP,X,X,BH,X,X,WH,X,X,X,BKB,X,X,BP,X,X,BP,X,X,X,X,X,X,X,X,X,BR,X,BQ,WKB,BK,BQB,BR,X",0.09513361139704578
"WK,X,X,WQ,X,WR,X,X,X,X,WR,X,WP,BH,WQB,X,X,X,X,X,X,X,X,X,X,BP,WP,WP,X,X,BP,X,X,BH,X,X,WH,X,X,X,BKB,X,X,BP,X,X,BP,X,X,X,X,X,X,X,X,X,BR,X,BQ,WKB,BK,BQB,X,BR",0.08648510127004161
"WK,X,X,WQ,X,WR,X,X,X,X,WR,X,WP,BH,WQB,X,X,X,X,X,X,X,X,X,X,BP,WP,WP,X,X,BP,X,X,BH,X,X,WH,X,WKB,X,BKB,X,X,BP,X,X,BP,X,X,X,X,X,X,X,X,X,BR,X,BQ,X,BK,BQB,X,BR",0.07862281933640146
"WK,X,X,WQ,X,WR,X,X,X,X,WR,X,WP,BH,WQB,X,X,X,X,X,X,X,X,X,X,BP,WP,WP,X,X,BP,BR,X,BH,X,X,WH,X,WKB,X,BKB,X,X,BP,X,X,BP,X,X,X,X,X,X,X,X,X,BR,X,BQ,X,BK,BQB,X,X",0.0714752903058195
"WK,X,X,WQ,X,WR,X,X,X,X,WR,X,WP,BH,WQB,X,X,X,X,WH,X,X,X,X,X,BP,WP,WP,X,X,BP,BR,X,BH,X,X,X,X,WKB,X,BKB,X,X,BP,X,X,BP,X,X,X,X,X,X,X,X,X,BR,X,BQ,X,BK,BQB,X,X",0.0649775366416541
"WK,X,X,WQ,X,WR,X,X,X,X,WR,X,WP,BH,WQB,X,X,X,X,WH,X,X,X,X,X,BP,WP,WP,X,X,BP,BR,X,BH,X,X,X,X,WKB,X,BKB,X,X,BP,X,X,BP,X,X,BQ,X,X,X,X,X,X,BR,X,X,X,BK,BQB,X,X",0.059070487856049174
"WK,X,X,WQ,X,WR,X,X,X,X,WR,X,WP,BH,X,X,X,X,X,WH,X,X,X,WQB,X,BP,WP,WP,X,X,BP,BR,X,BH,X,X,X,X,WKB,X,BKB,X,X,BP,X,X,BP,X,X,BQ,X,X,X,X,X,X,BR,X,X,X,BK,BQB,X,X",0.05370044350549925
"WK,X,X,WQ,X,WR,X,X,X,X,WR,X,WP,BH,X,X,X,X,X,WH,X,X,X,WQB,X,BP,WP,WP,X,X,BP,BR,X,BH,X,X,X,X,WKB,X,BKB,X,BQ,BP,X,X,BP,X,X,WP,X,X,X,X,X,X,BR,X,X,X,BK,BQB,X,X",0.04881858500499931
"X,X,X,WQ,X,WR,X,X,WK,X,WR,X,WP,BH,X,X,X,X,X,WH,X,X,X,WQB,X,BP,WP,WP,X,X,BP,BR,X,BH,X,X,X,X,WKB,X,BKB,X,BQ,BP,X,X,BP,X,X,WP,X,X,X,X,X,X,BR,X,X,X,BK,BQB,X,X",0.044380531822726645
"X,X,X,WQ,X,WR,X,X,WK,X,WR,X,WP,BH,X,X,X,X,X,WH,X,X,X,WQB,X,BP,WP,WP,X,X,BP,BR,X,BH,X,X,X,X,WKB,X,BKB,X,BQ,BP,X,X,BP,X,X,WP,X,X,X,X,X,X,BR,X,X,BK,X,BQB,X,X",0.04034593802066058
"X,X,X,WQ,X,WR,X,X,WK,X,WR,X,WP,BH,X,X,X,X,X,WH,X,X,X,WQB,X,BP,WP,WP,X,WKB,BP,BR,X,BH,X,X,X,X,X,X,BKB,X,BQ,BP,X,X,BP,X,X,WP,X,X,X,X,X,X,BR,X,X,BK,X,BQB,X,X",0.0366781254733278
"X,X,X,WQ,X,WR,X,X,WK,X,WR,X,WP,BH,X,X,X,X,X,WH,X,X,X,WQB,X,BP,WP,WP,X,WKB,BP,WP,X,BH,X,X,X,X,X,X,BKB,X,BQ,BP,X,X,BP,X,X,WP,X,X,X,X,X,X,BR,X,X,BK,X,BQB,X,BR",0.033343750430298
"X,WK,X,WQ,X,WR,X,X,X,X,WR,X,WP,BH,X,X,X,X,X,WH,X,X,X,WQB,X,BP,WP,WP,X,WKB,BP,WP,X,BH,X,X,X,X,X,X,BKB,X,BQ,BP,X,X,BP,X,X,WP,X,X,X,X,X,X,BR,X,X,BK,X,BQB,X,BR",0.030312500391179994
"X,WK,X,WQ,X,WR,X,X,X,X,WR,X,WP,BH,X,X,X,X,X,WH,X,X,X,WQB,X,BP,WP,WP,BQ,WKB,BP,WP,X,BH,X,X,X,X,X,X,BKB,X,X,BP,X,X,BP,X,X,WP,X,X,X,X,X,X,BR,X,X,BK,X,BQB,X,BR",0.027556818537436356
"X,WK,X,WQ,X,WR,X,X,X,X,WR,X,WP,BH,X,X,X,X,X,WH,X,X,X,WQB,X,BP,WP,WP,BQ,WKB,BP,WP,X,BH,X,X,X,X,X,X,BKB,WP,X,BP,X,X,BP,X,X,X,X,X,X,X,X,X,BR,X,X,BK,X,BQB,X,BR",0.02505165321585123
"X,WK,X,WQ,X,WR,X,X,X,X,WR,X,WP,BH,X,X,X,X,X,WH,X,X,X,WQB,X,BP,WP,WP,X,WKB,BP,WP,X,BH,X,X,X,X,X,X,BKB,WP,X,BP,BQ,X,BP,X,X,X,X,X,X,X,X,X,BR,X,X,BK,X,BQB,X,BR",0.022774230196228387
"X,WK,X,WQ,X,X,X,WR,X,X,WR,X,WP,BH,X,X,X,X,X,WH,X,X,X,WQB,X,BP,WP,WP,X,WKB,BP,WP,X,BH,X,X,X,X,X,X,BKB,WP,X,BP,BQ,X,BP,X,X,X,X,X,X,X,X,X,BR,X,X,BK,X,BQB,X,BR",0.020703845632934897
"X,WK,X,WQ,X,X,X,WR,X,X,WR,X,WP,BH,X,X,X,X,X,WH,X,X,X,WQB,X,BP,WP,WP,X,WKB,BP,WP,X,BH,X,X,X,X,X,X,BKB,WP,X,BP,X,X,BP,X,X,X,X,BQ,X,X,X,X,BR,X,X,BK,X,BQB,X,BR",0.018821677848122633
"X,WK,X,WQ,X,X,WR,X,X,X,WR,X,WP,BH,X,X,X,X,X,WH,X,X,X,WQB,X,BP,WP,WP,X,WKB,BP,WP,X,BH,X,X,X,X,X,X,BKB,WP,X,BP,X,X,BP,X,X,X,X,BQ,X,X,X,X,BR,X,X,BK,X,BQB,X,BR",0.01711061622556603
"X,WK,X,WQ,X,X,WR,X,X,X,WR,X,WP,BH,X,X,X,X,X,WH,X,X,X,WQB,X,BP,WP,WP,X,WKB,BP,WP,X,BH,X,X,X,X,X,X,BKB,WP,X,BP,X,X,BP,X,X,X,X,X,X,X,BQ,X,BR,X,X,BK,X,BQB,X,BR",0.015555105659605481
"X,WK,X,WQ,X,X,WR,X,X,X,WR,X,WP,BH,X,X,X,X,X,X,X,X,X,WQB,X,BP,WP,WP,X,WKB,BP,WP,X,BH,X,X,WH,X,X,X,BKB,WP,X,BP,X,X,BP,X,X,X,X,X,X,X,BQ,X,BR,X,X,BK,X,BQB,X,BR",0.01414100514509589
"X,WK,X,WQ,X,X,WR,X,X,X,WR,X,WP,BH,X,X,X,X,X,X,X,X,X,WQB,X,BP,WP,WP,X,WKB,BP,WP,X,BH,X,X,WH,X,X,X,BKB,WP,X,BP,X,BQ,BP,X,X,X,X,X,X,X,X,X,BR,X,X,BK,X,BQB,X,BR",0.012855459222814444
"X,WK,X,WQ,X,X,WR,X,X,X,WR,X,WP,BH,X,X,X,X,X,X,X,X,X,WQB,X,BP,WP,WP,X,BP,BP,WP,X,BH,X,X,WH,X,WKB,X,BKB,WP,X,BP,X,BQ,BP,X,X,X,X,X,X,X,X,X,BR,X,X,BK,X,BQB,X,BR",0.011686781111649494
"X,WK,X,WQ,X,X,WR,X,X,X,WR,X,WP,BH,X,X,X,X,X,X,X,X,X,WQB,X,BP,WP,WP,X,BP,BP,WP,X,BH,X,X,WH,X,WKB,X,X,WP,X,BP,X,BQ,BP,X,X,X,X,X,X,X,X,X,BR,X,BKB,BK,X,BQB,X,BR",0.010624346465135902
"X,WK,X,WQ,X,WQB,WR,X,X,X,WR,X,WP,BH,X,X,X,X,X,X,X,X,X,X,X,BP,WP,WP,X,BP,BP,WP,X,BH,X,X,WH,X,WKB,X,X,WP,X,BP,X,BQ,BP,X,X,X,X,X,X,X,X,X,BR,X,BKB,BK,X,BQB,X,BR",0.009658496786487183
"X,WK,X,WQ,X,WQB,WR,X,X,X,WR,X,WP,WP,X,X,X,X,X,X,X,X,X,X,X,BP,WP,WP,BH,BP,BP,WP,X,BH,X,X,WH,X,WKB,X,X,WP,X,BP,X,BQ,BP,X,X,X,X,X,X,X,X,X,BR,X,BKB,BK,X,BQB,X,BR",0.008780451624079257
"X,WK,X,X,WQ,WQB,WR,X,X,X,WR,X,WP,WP,X,X,X,X,X,X,X,X,X,X,X,BP,WP,WP,BH,BP,BP,WP,X,BH,X,X,WH,X,WKB,X,X,WP,X,BP,X,BQ,BP,X,X,X,X,X,X,X,X,X,BR,X,BKB,BK,X,BQB,X,BR",0.00798222874916296
"X,WK,X,X,WQ,WQB,WR,X,X,X,WR,X,WP,WP,X,X,X,X,X,X,X,X,X,X,X,BP,WP,WP,BH,BP,BP,WP,X,X,X,X,WH,X,WKB,X,X,WP,X,BP,X,BQ,BP,X,BH,X,X,X,X,X,X,X,BR,X,BKB,BK,X,BQB,X,BR",0.007256571590148145
"X,WK,X,X,WQ,WQB,WR,X,X,X,WR,X,WP,WP,X,X,X,X,X,WP,X,X,X,X,X,BP,WP,X,BH,BP,BP,WP,X,X,X,X,WH,X,WKB,X,X,WP,X,BP,X,BQ,BP,X,BH,X,X,X,X,X,X,X,BR,X,BKB,BK,X,BQB,X,BR",0.00659688326377104
"X,WK,X,X,WQ,WQB,WR,X,X,X,WR,X,WP,WP,X,X,X,X,X,WP,X,X,X,X,X,BP,WP,X,BH,X,BP,WP,X,X,X,X,WH,BP,WKB,X,X,WP,X,BP,X,BQ,BP,X,BH,X,X,X,X,X,X,X,BR,X,BKB,BK,X,BQB,X,BR",0.005997166603428218
"X,WK,X,X,WQ,WQB,WR,X,X,X,WR,X,WP,WP,X,X,X,X,X,WP,X,WH,X,X,X,BP,WP,X,BH,X,BP,WP,X,X,X,X,BP,BP,WKB,X,X,WP,X,BP,X,BQ,BP,X,BH,X,X,X,X,X,X,X,BR,X,BKB,BK,X,BQB,X,BR",0.005451969639480198
"X,WK,X,X,WQ,WQB,WR,X,X,X,WR,X,WP,WP,X,X,X,X,X,WP,X,WH,X,X,X,BP,WP,X,BH,X,BP,WP,X,X,X,X,BP,BP,WKB,X,X,WP,X,BP,X,BQ,BP,X,BH,X,X,BK,X,X,X,X,BR,X,BKB,X,X,BQB,X,BR",0.004956336035891089
"X,X,WK,X,WQ,WQB,WR,X,X,X,WR,X,WP,WP,X,X,X,X,X,WP,X,WH,X,X,X,BP,WP,X,BH,X,BP,WP,X,X,X,X,BP,BP,WKB,X,X,WP,X,BP,X,BQ,BP,X,BH,X,X,BK,X,X,X,X,BR,X,BKB,X,X,BQB,X,BR",0.004505760032628262
"X,X,WK,X,WQ,WQB,WR,X,X,X,WR,X,WP,WP,X,X,X,X,X,WP,X,WH,X,X,X,BP,WP,X,BH,X,BP,WP,X,X,X,X,BP,BP,WKB,X,X,WP,X,BP,X,BQ,BP,BR,BH,X,X,BK,X,X,X,X,BR,X,BKB,X,X,BQB,X,X",0.004096145484207511
"X,X,X,WK,WQ,WQB,WR,X,X,X,WR,X,WP,WP,X,X,X,X,X,WP,X,WH,X,X,X,BP,WP,X,BH,X,BP,WP,X,X,X,X,BP,BP,WKB,X,X,WP,X,BP,X,BQ,BP,BR,BH,X,X,BK,X,X,X,X,BR,X,BKB,X,X,BQB,X,X",0.0037237686220068277
"X,X,X,WK,WQ,WQB,WR,X,X,X,WR,X,WP,WP,X,X,X,X,X,WP,X,WH,X,X,X,BP,WP,X,BH,X,BP,WP,X,X,X,X,BP,BP,WKB,X,X,WP,X,BP,X,X,BP,BR,BH,X,X,BK,BQ,X,X,X,BR,X,BKB,X,X,BQB,X,X",0.0033852442018243887
"X,X,X,WK,WQ,WQB,X,WR,X,X,WR,X,WP,WP,X,X,X,X,X,WP,X,WH,X,X,X,BP,WP,X,BH,X,BP,WP,X,X,X,X,BP,BP,WKB,X,X,WP,X,BP,X,X,BP,BR,BH,X,X,BK,BQ,X,X,X,BR,X,BKB,X,X,BQB,X,X",0.003077494728931262
"X,X,X,WK,WQ,WQB,X,WR,X,X,WR,X,WP,WP,X,X,X,X,X,WP,X,WH,X,X,X,BP,WP,X,BH,X,BP,WP,X,X,X,X,BP,BP,WKB,X,X,WP,X,BP,X,X,BP,BR,BH,X,X,X,BQ,X,X,X,BR,X,BKB,BK,X,BQB,X,X",0.0027977224808466016
"X,X,X,WK,WQ,WQB,X,WR,X,WR,X,X,WP,WP,X,X,X,X,X,WP,X,WH,X,X,X,BP,WP,X,BH,X,BP,WP,X,X,X,X,BP,BP,WKB,X,X,WP,X,BP,X,X,BP,BR,BH,X,X,X,BQ,X,X,X,BR,X,BKB,BK,X,BQB,X,X",0.0025433840734969105
"X,X,X,WK,WQ,WQB,X,WR,X,WR,X,X,WP,WP,X,X,X,X,X,WP,X,WH,X,X,X,BP,WP,X,BH,X,BP,WP,X,X,X,X,BP,BP,WKB,X,X,WP,BH,BP,X,X,BP,BR,WH,X,X,X,BQ,X,X,X,BR,X,BKB,BK,X,BQB,X,X",0.0023121673395426457
"X,X,X,X,WQ,WQB,X,WR,X,WR,X,WK,WP,WP,X,X,X,X,X,WP,X,WH,X,X,X,BP,WP,X,BH,X,BP,WP,X,X,X,X,BP,BP,WKB,X,X,WP,BH,BP,X,X,BP,BR,WH,X,X,X,BQ,X,X,X,BR,X,BKB,BK,X,BQB,X,X",0.002101970308675132
"X,X,X,X,WQ,WQB,X,WR,X,WR,X,WK,WP,WP,X,X,X,X,X,WP,X,WH,X,X,X,BP,WP,X,X,X,BP,WP,X,X,X,X,BP,BP,WKB,X,X,WP,BH,BP,X,BH,BP,BR,WH,X,X,X,BQ,X,X,X,BR,X,BKB,BK,X,BQB,X,X",0.0019108820987955746
"X,X,X,X,WQ,WQB,WH,WR,X,WR,X,WK,WP,WP,X,X,X,X,X,WP,X,X,X,X,X,BP,WP,X,X,X,BP,WP,X,X,X,X,BP,BP,WKB,X,X,WP,BH,BP,X,BH,BP,BR,WH,X,X,X,BQ,X,X,X,BR,X,BKB,BK,X,BQB,X,X",0.001737165544359613
"X,X,X,X,WQ,WQB,WH,WR,X,WR,X,WK,WP,WP,X,X,X,X,X,WP,X,X,X,X,X,WP,WP,X,X,X,BP,WP,X,X,BP,X,BP,BP,WKB,X,X,WP,BH,BP,X,BH,BP,BR,WH,X,X,X,BQ,X,X,X,BR,X,BKB,BK,X,BQB,X,X",0.0015792414039632846
"X,X,X,X,WQ,WQB,WH,WR,WR,X,X,WK,WP,WP,X,X,X,X,X,WP,X,X,X,X,X,WP,WP,X,X,X,BP,WP,X,X,BP,X,BP,BP,WKB,X,X,WP,BH,BP,X,BH,BP,BR,WH,X,X,X,BQ,X,X,X,BR,X,BKB,BK,X,BQB,X,X",0.0014356740036029858
"X,X,X,X,WQ,WQB,WH,WR,WR,X,X,WK,WP,WP,X,X,X,X,X,WP,X,X,X,X,X,WP,WP,X,X,X,BP,WP,X,X,BP,X,BP,BP,WKB,X,X,WP,BH,BP,BQ,BH,BP,BR,WH,X,X,X,X,X,X,X,BR,X,BKB,BK,X,BQB,X,X",0.0013051581850936234
"X,X,X,X,WQ,WQB,WH,WR,WR,X,X,WK,WP,WP,X,X,X,X,X,WP,X,X,X,X,X,WP,WP,X,X,X,BP,WP,WP,X,BP,X,BP,BP,WKB,X,X,BP,BH,BP,BQ,BH,BP,BR,WH,X,X,X,X,X,X,X,BR,X,BKB,BK,X,BQB,X,X",0.001186507440994203
"X,X,X,X,WQ,WQB,WH,WR,WR,X,X,WK,WP,WP,X,X,X,X,X,WP,X,X,X,X,X,WP,WP,X,X,X,WP,WP,WP,X,BP,X,BP,BP,WKB,BP,X,BP,BH,BP,BQ,BH,BP,BR,WH,X,X,X,X,X,X,X,BR,X,BKB,BK,X,BQB,X,X",0.0010786431281765482
"X,X,X,WK,WQ,WQB,WH,WR,WR,X,X,X,WP,WP,X,X,X,X,X,WP,X,X,X,X,X,WP,WP,X,X,X,WP,WP,WP,X,BP,X,BP,BP,WKB,BP,X,BP,BH,BP,BQ,BH,BP,BR,WH,X,X,X,X,X,X,X,BR,X,BKB,BK,X,BQB,X,X",0.00098058466197868
"X,X,X,WK,WQ,WQB,WH,WR,WR,X,X,X,WP,WP,X,X,X,X,X,WP,X,X,X,X,X,WP,WP,X,X,X,WP,WP,WP,X,BP,X,BP,BP,WKB,BP,X,BP,BH,X,BQ,BH,BP,BR,WH,X,X,BP,X,X,X,X,BR,X,BKB,BK,X,BQB,X,X",0.0008914406017988
"X,X,X,WK,WQ,WQB,X,WR,WR,X,X,X,WP,WP,X,X,X,X,X,WP,X,X,X,WH,X,WP,WP,X,X,X,WP,WP,WP,X,BP,X,BP,BP,WKB,BP,X,BP,BH,X,BQ,BH,BP,BR,WH,X,X,BP,X,X,X,X,BR,X,BKB,BK,X,BQB,X,X",0.0008104005470898181
"X,X,X,WK,WQ,WQB,X,WR,WR,X,X,X,WP,WP,X,X,X,X,X,WP,X,X,X,WH,X,WP,WP,X,X,X,WP,WP,WP,X,BP,X,BP,BP,WKB,BP,X,BP,BH,X,BQ,BH,BP,BR,WH,X,X,BP,X,X,X,X,X,BR,BKB,BK,X,BQB,X,X",0.0007367277700816527
"X,X,X,WK,WQ,WQB,X,WR,WR,X,X,X,WP,WP,X,X,X,X,X,WP,X,X,X,WH,WP,WP,WP,X,X,X,WP,WP,X,X,BP,X,BP,BP,WKB,BP,X,BP,BH,X,BQ,BH,BP,BR,WH,X,X,BP,X,X,X,X,X,BR,BKB,BK,X,BQB,X,X",0.0006697525182560479
"X,X,X,WK,WQ,WQB,X,WR,WR,X,X,X,WP,WP,X,X,X,X,X,WP,X,X,X,WH,WP,WP,WP,X,X,X,WP,WP,X,X,BP,X,BP,BP,WKB,BP,BKB,BP,BH,X,BQ,BH,BP,BR,WH,X,X,BP,X,X,X,X,X,BR,X,BK,X,BQB,X,X",0.0006088659256873162
"X,X,X,WK,WQ,WQB,X,WR,WR,X,X,X,WP,WP,X,X,X,X,X,WP,X,X,WP,WH,WP,WP,WP,X,X,X,X,WP,X,X,BP,X,BP,BP,WKB,BP,BKB,BP,BH,X,BQ,BH,BP,BR,WH,X,X,BP,X,X,X,X,X,BR,X,BK,X,BQB,X,X",0.0005535144778975601
"X,X,X,WK,WQ,WQB,X,WR,WR,X,X,X,WP,WP,X,X,X,X,X,WP,X,X,WP,WH,WP,WP,WP,X,X,X,X,WP,X,X,BP,X,BP,BP,WKB,BP,BKB,BP,BH,X,BQ,BH,X,BR,WH,X,X,BP,X,X,BP,X,X,BR,X,BK,X,BQB,X,X",0.0005031949799068728
"X,X,X,WK,WQ,WQB,X,WR,WR,X,X,X,WP,WP,X,X,X,X,X,WP,X,X,WP,WH,WP,WP,WP,X,X,X,X,WP,X,WH,BP,X,BP,BP,WKB,BP,BKB,BP,BH,X,BQ,BH,X,BR,BP,X,X,BP,X,X,BP,X,X,BR,X,BK,X,BQB,X,X",0.00045744998173352067
"X,X,X,WK,WQ,WQB,X,WR,WR,X,X,X,WP,WP,X,X,X,X,X,WP,X,X,WP,WH,WP,WP,WP,X,X,X,X,WP,X,WH,BP,X,BP,BP,WKB,BP,X,BP,BH,X,BQ,BH,X,BR,BP,X,X,BP,X,X,BP,X,X,BR,BKB,BK,X,BQB,X,X",0.00041586361975774603
"X,X,X,WK,WQ,WQB,X,WR,WR,X,X,X,WP,WP,X,X,X,X,WH,WP,X,X,WP,WH,WP,WP,WP,X,X,X,X,WP,X,X,BP,X,BP,BP,WKB,BP,X,BP,BH,X,BQ,BH,X,BR,BP,X,X,BP,X,X,BP,X,X,BR,BKB,BK,X,BQB,X,X",0.00037805783614340544
"X,X,X,WK,WQ,WQB,X,WR,WR,X,X,X,WP,WP,X,X,X,X,WH,WP,X,X,WP,WH,WP,WP,WP,X,X,X,X,WP,X,X,BP,X,BP,BP,WKB,BP,X,BP,BH,X,X,BH,X,BR,BP,X,X,BP,X,BQ,BP,X,X,BR,BKB,BK,X,BQB,X,X",0.0003436889419485504
"X,X,X,WK,WQ,WQB,X,WR,WR,WP,X,X,WP,WP,X,X,X,X,WH,WP,X,X,WP,WH,WP,X,WP,X,X,X,X,WP,X,X,BP,X,BP,BP,WKB,BP,X,BP,BH,X,X,BH,X,BR,BP,X,X,BP,X,BQ,BP,X,X,BR,BKB,BK,X,BQB,X,X",0.00031244449268050034
"X,X,X,WK,WQ,WQB,X,WR,WR,WP,X,X,WP,WP,X,X,X,X,WH,WP,X,X,WP,WH,WP,X,WP,X,X,X,X,WP,X,X,BP,X,BP,BP,WKB,BP,X,BP,BH,X,X,BH,X,BR,BP,X,X,BP,X,BQ,BP,X,BR,X,BKB,BK,X,BQB,X,X",0.0002840404478913639
"X,X,X,WK,WQ,WQB,WH,WR,WR,WP,X,X,WP,WP,X,X,X,X,WH,WP,X,X,WP,X,WP,X,WP,X,X,X,X,WP,X,X,BP,X,BP,BP,WKB,BP,X,BP,BH,X,X,BH,X,BR,BP,X,X,BP,X,BQ,BP,X,BR,X,BKB,BK,X,BQB,X,X",0.000258218588992149
"X,X,X,WK,WQ,WQB,WH,WR,WR,WP,X,X,WP,WP,X,X,X,X,WH,WP,X,X,WP,X,WP,X,WP,X,X,X,X,WP,X,X,BP,X,X,BP,WKB,BP,X,BP,BH,X,X,BH,X,BR,BP,X,X,BP,BP,BQ,BP,X,BR,X,BKB,BK,X,BQB,X,X",0.00023474417181104453
"WR,X,X,WK,WQ,WQB,WH,WR,X,WP,X,X,WP,WP,X,X,X,X,WH,WP,X,X,WP,X,WP,X,WP,X,X,X,X,WP,X,X,BP,X,X,BP,WKB,BP,X,BP,BH,X,X,BH,X,BR,BP,X,X,BP,BP,BQ,BP,X,BR,X,BKB,BK,X,BQB,X,X",0.000213403792555495
"WR,X,X,WK,WQ,WQB,WH,WR,X,WP,X,X,WP,WP,X,X,X,X,WH,WP,X,X,WP,X,WP,X,WP,X,X,X,X,WP,X,X,BP,X,X,BP,WKB,BP,X,BP,X,X,X,BH,X,BR,BP,X,X,BP,BP,BQ,BP,X,BR,BH,BKB,BK,X,BQB,X,X",0.00019400344777772272
"WR,WH,X,WK,WQ,WQB,WH,WR,X,WP,X,X,WP,WP,X,X,X,X,X,WP,X,X,WP,X,WP,X,WP,X,X,X,X,WP,X,X,BP,X,X,BP,WKB,BP,X,BP,X,X,X,BH,X,BR,BP,X,X,BP,BP,BQ,BP,X,BR,BH,BKB,BK,X,BQB,X,X",0.00017636677070702065
"WR,WH,X,WK,WQ,WQB,WH,WR,X,WP,X,X,WP,WP,X,X,X,X,X,WP,X,X,WP,X,WP,X,WP,X,X,X,X,WP,X,X,BP,X,X,BP,WKB,BP,X,BP,X,X,X,X,X,BR,BP,X,X,BP,BP,BQ,BP,X,BR,BH,BKB,BK,X,BQB,BH,X",0.00016033342791547332
"WR,WH,WKB,WK,WQ,WQB,WH,WR,X,WP,X,X,WP,WP,X,X,X,X,X,WP,X,X,WP,X,WP,X,WP,X,X,X,X,WP,X,X,BP,X,X,BP,X,BP,X,BP,X,X,X,X,X,BR,BP,X,X,BP,BP,BQ,BP,X,BR,BH,BKB,BK,X,BQB,BH,X",0.00014575766174133937
"WR,WH,WKB,WK,WQ,WQB,WH,WR,X,WP,X,X,WP,WP,X,X,X,X,X,WP,X,X,WP,X,WP,X,WP,X,X,X,X,WP,X,X,BP,X,X,BP,X,BP,X,X,X,X,X,X,X,BR,BP,BP,X,BP,BP,BQ,BP,X,BR,BH,BKB,BK,X,BQB,BH,X",0.00013250696521939942
"WR,WH,WKB,WK,WQ,WQB,WH,WR,X,WP,X,X,WP,WP,WP,X,X,X,X,WP,X,X,X,X,WP,X,WP,X,X,X,X,WP,X,X,BP,X,X,BP,X,BP,X,X,X,X,X,X,X,BR,BP,BP,X,BP,BP,BQ,BP,X,BR,BH,BKB,BK,X,BQB,BH,X",0.00012046087747218128
"WR,WH,WKB,WK,WQ,WQB,WH,WR,X,WP,X,X,WP,WP,WP,X,X,X,X,WP,X,X,X,X,WP,X,WP,X,X,X,X,WP,X,X,BP,X,X,BP,X,BP,X,X,X,X,X,X,X,BR,BP,BP,X,BP,BP,X,BP,X,BR,BH,BKB,BK,BQ,BQB,BH,X",0.00010950988861107388
"WR,WH,WKB,WK,WQ,WQB,WH,WR,X,WP,X,X,WP,WP,WP,X,X,X,WP,WP,X,X,X,X,WP,X,X,X,X,X,X,WP,X,X,BP,X,X,BP,X,BP,X,X,X,X,X,X,X,BR,BP,BP,X,BP,BP,X,BP,X,BR,BH,BKB,BK,BQ,BQB,BH,X",9.955444419188534e-05
"WR,WH,WKB,WK,WQ,WQB,WH,WR,X,WP,X,X,WP,WP,WP,X,X,X,WP,WP,X,X,X,X,WP,X,X,X,X,X,X,WP,X,X,BP,X,X,BP,X,BP,X,X,X,X,X,X,X,X,BP,BP,X,BP,BP,X,BP,BR,BR,BH,BKB,BK,BQ,BQB,BH,X",9.050404017444122e-05
"WR,WH,WKB,WK,WQ,WQB,WH,WR,X,WP,X,X,WP,WP,WP,X,WP,X,WP,WP,X,X,X,X,X,X,X,X,X,X,X,WP,X,X,BP,X,X,BP,X,BP,X,X,X,X,X,X,X,X,BP,BP,X,BP,BP,X,BP,BR,BR,BH,BKB,BK,BQ,BQB,BH,X",8.227640015858291e-05
"WR,WH,WKB,WK,WQ,WQB,WH,WR,X,WP,X,X,WP,WP,WP,X,WP,X,WP,WP,X,X,X,X,X,X,X,X,X,X,X,WP,X,X,BP,X,X,BP,X,BP,X,X,X,X,X,X,X,X,BP,BP,X,BP,BP,X,BP,X,BR,BH,BKB,BK,BQ,BQB,BH,BR",7.479672741689356e-05
"WR,WH,WKB,WK,WQ,WQB,WH,WR,X,WP,X,X,WP,WP,WP,WP,WP,X,WP,WP,X,X,X,X,X,X,X,X,X,X,X,X,X,X,BP,X,X,BP,X,BP,X,X,X,X,X,X,X,X,BP,BP,X,BP,BP,X,BP,X,BR,BH,BKB,BK,BQ,BQB,BH,BR",6.799702492444869e-05
"WR,WH,WKB,WK,WQ,WQB,WH,WR,X,WP,X,X,WP,WP,WP,WP,WP,X,WP,WP,X,X,X,X,X,X,X,X,X,X,X,X,X,X,BP,X,X,X,X,BP,X,X,X,X,X,X,X,X,BP,BP,X,BP,BP,BP,BP,X,BR,BH,BKB,BK,BQ,BQB,BH,BR",6.181547720404426e-05
"WR,WH,WKB,WK,WQ,WQB,WH,WR,X,WP,X,WP,WP,WP,WP,WP,WP,X,WP,X,X,X,X,X,X,X,X,X,X,X,X,X,X,X,BP,X,X,X,X,BP,X,X,X,X,X,X,X,X,BP,BP,X,BP,BP,BP,BP,X,BR,BH,BKB,BK,BQ,BQB,BH,BR",5.619588836731295e-05
"WR,WH,WKB,WK,WQ,WQB,WH,WR,X,WP,X,WP,WP,WP,WP,WP,WP,X,WP,X,X,X,X,X,X,X,X,X,X,X,X,X,X,X,BP,X,X,X,X,X,X,X,X,X,X,X,X,X,BP,BP,X,BP,BP,BP,BP,BP,BR,BH,BKB,BK,BQ,BQB,BH,BR",5.108717124301177e-05
"WR,WH,WKB,WK,WQ,WQB,WH,WR,WP,WP,X,WP,WP,WP,WP,WP,X,X,WP,X,X,X,X,X,X,X,X,X,X,X,X,X,X,X,BP,X,X,X,X,X,X,X,X,X,X,X,X,X,BP,BP,X,BP,BP,BP,BP,BP,BR,BH,BKB,BK,BQ,BQB,BH,BR",4.644288294819251e-05
"WR,WH,WKB,WK,WQ,WQB,WH,WR,WP,WP,X,WP,WP,WP,WP,WP,X,X,WP,X,X,X,X,X,X,X,X,X,X,X,X,X,X,X,X,X,X,X,X,X,X,X,X,X,X,X,X,X,BP,BP,BP,BP,BP,BP,BP,BP,BR,BH,BKB,BK,BQ,BQB,BH,BR",4.2220802680175005e-05
"WR,X,X,X,X,X,X,X,X,WK,BKB,X,X,X,X,X,X,X,X,X,X,X,X,WP,WP,WP,X,WH,X,X,X,X,X,BP,X,X,WP,X,BQB,BP,WQB,BK,X,X,X,WP,X,X,BP,WQ,X,X,X,WKB,X,X,X,X,X,X,X,X,BR,X",100.0
"WR,X,X,X,X,X,X,WQ,X,WK,BKB,X,X,X,X,X,X,X,X,X,X,X,X,WP,WP,WP,X,WH,X,X,X,X,X,BP,X,X,WP,X,BQB,BP,WQB,BK,X,X,X,WP,X,X,BP,BR,X,X,X,WKB,X,X,X,X,X,X,X,X,BR,X",90.9090909090909
"WR,X,X,X,X,X,X,WQ,X,WK,BKB,X,X,X,X,X,X,X,X,X,X,X,X,WP,WP,WP,X,WH,X,X,X,X,X,BP,X,X,WP,X,BQB,BP,WQB,BK,X,X,X,WP,X,X,BP,BR,X,X,X,WKB,BR,X,X,X,X,X,X,X,X,X",82.64462809917354
"WR,X,X,X,X,X,X,WQ,X,WK,BKB,X,X,X,X,X,X,X,X,X,X,X,X,WP,WP,WP,X,WH,X,X,X,X,X,BP,X,X,WP,X,BQB,BP,WQB,BK,X,X,X,WP,X,X,BP,BR,X,X,X,X,BR,X,X,X,X,X,X,X,WKB,X",75.13148009015777
"WR,X,X,X,X,X,X,WQ,X,WK,BKB,X,X,X,X,X,X,X,X,X,X,X,X,WP,WP,WP,X,WH,X,X,X,X,X,BP,X,X,WP,X,BQB,BP,WQB,BK,X,X,X,WP,X,X,BP,X,X,X,X,X,BR,X,X,BR,X,X,X,X,WKB,X",68.30134553650706
"WR,X,X,X,X,X,X,WQ,X,WK,BKB,X,X,X,X,X,X,X,X,X,X,X,X,WP,WP,WP,X,WH,WP,X,X,X,X,BP,X,X,X,X,BQB,BP,WQB,BK,X,X,X,WP,X,X,BP,X,X,X,X,X,BR,X,X,BR,X,X,X,X,WKB,X",62.0921323059155
"WR,X,X,X,X,X,X,WQ,X,WK,BKB,X,X,X,X,X,X,X,X,X,X,X,X,WP,WP,WP,X,WH,WP,X,X,X,X,BP,X,X,X,X,BQB,BP,WQB,X,BK,X,X,WP,X,X,BP,X,X,X,X,X,BR,X,X,BR,X,X,X,X,WKB,X",56.44739300537772
"WR,X,X,X,X,X,X,WQ,X,WK,BKB,X,X,X,X,X,X,X,X,X,X,X,X,WP,WP,WP,X,BP,WP,X,X,X,X,BP,X,X,X,X,BQB,BP,WQB,X,BK,X,WH,WP,X,X,BP,X,X,X,X,X,BR,X,X,BR,X,X,X,X,WKB,X",51.31581182307065
"WR,X,X,X,X,X,X,WQ,X,WK,X,X,X,X,X,X,X,X,X,BKB,X,X,X,WP,WP,WP,X,BP,WP,X,X,X,X,BP,X,X,X,X,BQB,BP,WQB,X,BK,X,WH,WP,X,X,BP,X,X,X,X,X,BR,X,X,BR,X,X,X,X,WKB,X",46.650738020973314
"WR,WK,X,X,X,X,X,WQ,X,X,X,X,X,X,X,X,X,X,X,BKB,X,X,X,WP,WP,WP,X,BP,WP,X,X,X,X,BP,X,X,X,X,BQB,BP,WQB,X,BK,X,WH,WP,X,X,BP,X,X,X,X,X,BR,X,X,BR,X,X,X,X,WKB,X",42.40976183724847
"WR,WK,X,X,X,X,X,WQ,X,X,X,X,X,X,X,X,X,X,X,WP,X,X,X,WP,WP,WP,BKB,BP,WP,X,X,X,X,BP,X,X,X,X,BQB,BP,WQB,X,BK,X,WH,WP,X,X,BP,X,X,X,X,X,BR,X,X,BR,X,X,X,X,WKB,X",38.55432894295315
"WR,WK,X,X,X,X,X,WQ,X,X,X,X,X,X,X,X,X,X,X,WP,X,X,X,WP,WP,WP,BKB,BP,WP,X,X,X,X,BP,WH,X,X,X,BQB,BP,WQB,X,BK,X,X,WP,X,X,BP,X,X,X,X,X,BR,X,X,BR,X,X,X,X,WKB,X",35.04938994813922
"WR,WK,X,X,X,X,X,WQ,X,X,X,X,X,X,X,X,X,X,X,WP,X,X,X,WP,WP,WP,WP,BP,WP,X,X,X,X,BP,WH,X,X,X,BQB,BP,WQB,X,BK,X,BKB,WP,X,X,BP,X,X,X,X,X,BR,X,X,BR,X,X,X,X,WKB,X",31.863081771035652
"WR,WK,X,X,X,X,X,WQ,X,X,X,X,X,X,X,X,X,X,X,WP,X,X,X,WP,WP,WP,WP,BP,WP,X,X,X,X,BP,WH,X,X,WP,BQB,BP,WQB,X,BK,X,BKB,X,X,X,BP,X,X,X,X,X,BR,X,X,BR,X,X,X,X,WKB,X",28.96643797366877
"WR,WK,X,X,X,X,X,WQ,X,X,X,X,X,X,X,X,X,X,X,WP,X,X,X,WP,WP,WP,WP,BP,WP,X,X,X,X,BP,WH,X,X,WP,BQB,BP,WQB,X,BK,X,BKB,X,X,X,BP,X,X,X,X,X,X,BR,X,BR,X,X,X,X,WKB,X",26.33312543060797
"WR,WK,X,X,X,X,X,WQ,X,X,X,X,X,X,X,WP,X,X,X,WP,X,X,X,X,WP,WP,WP,BP,WP,X,X,X,X,BP,WH,X,X,WP,BQB,BP,WQB,X,BK,X,BKB,X,X,X,BP,X,X,X,X,X,X,BR,X,BR,X,X,X,X,WKB,X",23.939204936916337
"WR,WK,X,X,X,X,X,WQ,X,X,X,X,X,X,X,WP,X,X,X,WP,X,X,X,X,WP,WP,WP,BP,WP,X,X,X,X,BP,WH,X,X,WP,BQB,BP,WQB,BK,X,X,BKB,X,X,X,BP,X,X,X,X,X,X,BR,X,BR,X,X,X,X,WKB,X",21.76291357901485
"WR,WK,X,X,X,X,WQ,BQ,X,X,X,X,X,X,X,WP,X,X,X,WP,X,X,X,X,WP,WP,WP,BP,WP,X,X,X,X,BP,WH,X,X,WP,BQB,BP,WQB,BK,X,X,BKB,X,X,X,BP,X,X,X,X,X,X,BR,X,BR,X,X,X,X,WKB,X",19.784466890013498
"WR,WK,X,X,X,X,WQ,BQ,X,X,X,X,X,X,X,WP,X,X,X,WP,X,X,X,X,WP,WP,WP,BP,WP,X,X,X,X,BP,WH,X,X,WP,X,BP,WQB,BK,X,X,BKB,X,X,X,BP,X,X,X,BQB,X,X,BR,X,BR,X,X,X,X,WKB,X",17.98587899092136
"WR,WK,X,X,X,X,WQ,BQ,X,X,X,X,X,X,X,WP,X,X,X,WP,X,X,X,X,WP,WP,WP,BP,WP,WP,X,X,X,BP,WH,X,X,X,X,BP,WQB,BK,X,X,BKB,X,X,X,BP,X,X,X,BQB,X,X,BR,X,BR,X,X,X,X,WKB,X",16.35079908265578
"WR,WK,X,X,X,X,WQ,BQ,X,X,X,X,X,X,X,WP,X,X,X,WP,X,X,X,X,WP,WP,WP,BP,WP,WP,BKB,X,X,BP,WH,X,X,X,X,BP,WQB,BK,X,X,X,X,X,X,BP,X,X,X,BQB,X,X,BR,X,BR,X,X,X,X,WKB,X",14.864362802414345
"WR,WK,X,X,X,X,WQ,BQ,X,X,X,X,X,X,X,WP,X,X,X,WP,X,X,X,X,WP,WP,WP,BP,WP,WP,BKB,X,X,BP,WH,X,X,X,X,BP,WQB,BK,X,X,X,X,X,X,BP,X,X,X,BQB,X,WP,BR,X,BR,X,X,X,X,X,X",13.51305709310395
"WR,WK,X,X,X,X,WQ,BQ,X,X,X,X,X,X,X,WP,X,X,X,WP,X,X,X,X,WP,WP,WP,BP,WP,WP,BKB,X,X,BP,WH,X,X,X,X,BP,WQB,BK,X,X,X,X,X,X,BP,X,X,X,X,X,WP,BR,X,BR,X,X,X,BQB,X,X",12.284597357367225
"WR,WK,X,X,X,X,WQ,BQ,X,X,X,X,X,X,X,WP,X,X,X,WP,X,X,X,X,WP,WP,WP,BP,WP,WP,BKB,X,X,BP,WH,X,X,X,X,BP,WQB,BK,X,X,X,WP,X,X,BP,X,X,X,X,X,BP,BR,X,BR,X,X,X,BQB,X,X",11.16781577942475
"WR,WK,X,X,X,X,WQ,WR,X,X,X,X,X,X,BQ,WP,X,X,X,WP,X,X,X,X,WP,WP,WP,BP,WP,WP,BKB,X,X,BP,WH,X,X,X,X,BP,WQB,BK,X,X,X,WP,X,X,BP,X,X,X,X,X,BP,BR,X,BR,X,X,X,BQB,X,X",10.152559799477045
"WR,WK,X,X,X,X,X,WR,X,X,X,X,X,X,BQ,WP,X,X,X,WP,WQ,X,X,X,WP,WP,WP,BP,WP,WP,BKB,X,X,BP,WH,X,X,X,X,BP,WQB,BK,X,X,X,WP,X,X,BP,X,X,X,X,X,BP,BR,X,BR,X,X,X,BQB,X,X",9.229599817706404
"WR,WK,X,X,X,X,X,WR,X,X,X,X,X,X,BQ,WP,X,X,X,WP,WQ,X,X,X,WP,WP,WP,BP,WP,WP,BKB,X,X,BP,WH,X,X,X,X,BP,WQB,X,BK,X,X,WP,X,X,BP,X,X,X,X,X,BP,BR,X,BR,X,X,X,BQB,X,X",8.390545288824002
"WR,WK,X,X,X,X,X,WR,X,X,X,X,X,X,BQ,WP,X,X,X,WP,WQ,X,X,X,WP,WP,WP,BP,WP,WP,BKB,X,X,BP,WH,X,X,WP,X,BP,WQB,X,BK,X,X,X,X,X,BP,X,X,X,X,X,BP,BR,X,BR,X,X,X,BQB,X,X",7.627768444385456
"WR,WK,X,X,X,X,X,WR,X,X,X,X,X,X,BQ,WP,X,X,X,WP,WQ,X,X,X,WP,WP,WP,BP,WP,WP,BKB,X,X,BP,WH,X,X,WP,X,BP,WQB,X,BK,X,X,X,X,X,BP,X,X,X,X,X,BP,X,X,BR,X,X,X,BQB,X,BR",6.934334949441324
"WR,WK,WQ,X,X,X,X,WR,X,X,X,X,X,X,BQ,WP,X,X,X,WP,X,X,X,X,WP,WP,WP,BP,WP,WP,BKB,X,X,BP,WH,X,X,WP,X,BP,WQB,X,BK,X,X,X,X,X,BP,X,X,X,X,X,BP,X,X,BR,X,X,X,BQB,X,BR",6.303940863128475
"WR,WK,WQ,X,X,BQ,X,WR,X,X,X,X,X,X,X,WP,X,X,X,WP,X,X,X,X,WP,WP,WP,BP,WP,WP,BKB,X,X,BP,WH,X,X,WP,X,BP,WQB,X,BK,X,X,X,X,X,BP,X,X,X,X,X,BP,X,X,BR,X,X,X,BQB,X,BR",5.730855330116795
"WR,WK,WQ,X,X,BQ,X,WR,WP,X,X,X,X,X,X,WP,X,X,X,WP,X,X,X,X,X,WP,WP,BP,WP,WP,BKB,X,X,BP,WH,X,X,WP,X,BP,WQB,X,BK,X,X,X,X,X,BP,X,X,X,X,X,BP,X,X,BR,X,X,X,BQB,X,BR",5.209868481924359
"WR,WK,WQ,X,X,BQ,X,WR,WP,X,X,X,X,X,X,WP,X,X,X,WP,X,X,X,BKB,X,WP,WP,BP,WP,WP,X,X,X,BP,WH,X,X,WP,X,BP,WQB,X,BK,X,X,X,X,X,BP,X,X,X,X,X,BP,X,X,BR,X,X,X,BQB,X,BR",4.73624407447669
"WR,WK,WQ,X,X,BQ,X,WR,WP,X,X,X,X,X,X,WP,X,X,X,WP,X,X,X,BKB,X,WP,WP,BP,WP,WP,X,X,X,BP,BP,X,X,WP,X,BP,WQB,X,BK,X,X,X,X,X,BP,X,X,WH,X,X,BP,X,X,BR,X,X,X,BQB,X,BR",4.305676431342445
"WR,WK,WQ,X,X,BQ,X,WR,WP,X,X,X,X,X,X,WP,X,X,X,WP,X,X,X,BKB,X,WP,WP,BP,WP,WP,X,X,X,X,BP,X,X,WP,X,BP,WQB,BP,BK,X,X,X,X,X,BP,X,X,WH,X,X,BP,X,X,BR,X,X,X,BQB,X,BR",3.9142513012204048
"WR,WK,WQ,X,X,BQ,X,WR,WP,X,WP,X,X,X,X,WP,X,X,X,WP,X,X,X,BKB,X,WP,X,BP,WP,WP,X,X,X,X,BP,X,X,WP,X,BP,WQB,BP,BK,X,X,X,X,X,BP,X,X,WH,X,X,BP,X,X,BR,X,X,X,BQB,X,BR",3.5584102738367314
"WR,WK,WQ,X,BQ,X,X,WR,WP,X,WP,X,X,X,X,WP,X,X,X,WP,X,X,X,BKB,X,WP,X,BP,WP,WP,X,X,X,X,BP,X,X,WP,X,BP,WQB,BP,BK,X,X,X,X,X,BP,X,X,WH,X,X,BP,X,X,BR,X,X,X,BQB,X,BR",3.2349184307606644
"WR,WK,WQ,X,BQ,X,X,WR,WP,X,WP,X,X,X,X,WP,X,X,X,WP,X,X,X,BKB,X,WP,X,BP,WP,WP,WP,X,X,X,BP,X,X,BP,X,BP,WQB,BP,BK,X,X,X,X,X,BP,X,X,WH,X,X,BP,X,X,BR,X,X,X,BQB,X,BR",2.940834937055149
"WR,WK,WQ,X,X,X,X,WR,WP,X,WP,X,X,X,X,WP,X,X,BQ,WP,X,X,X,BKB,X,WP,X,BP,WP,WP,WP,X,X,X,BP,X,X,BP,X,BP,WQB,BP,BK,X,X,X,X,X,BP,X,X,WH,X,X,BP,X,X,BR,X,X,X,BQB,X,BR",2.6734863064137717
"WR,WK,WQ,X,X,X,X,WR,WP,X,WP,X,X,X,X,WP,X,X,BQ,WP,WP,X,X,BKB,X,WP,X,BP,X,WP,WP,X,X,X,BP,X,X,BP,X,BP,WQB,BP,BK,X,X,X,X,X,BP,X,X,WH,X,X,BP,X,X,BR,X,X,X,BQB,X,BR",2.4304420967397924
"WR,WK,WQ,X,X,X,X,WR,WP,X,WP,X,X,X,X,WP,BQ,X,X,WP,WP,X,X,BKB,X,WP,X,BP,X,WP,WP,X,X,X,BP,X,X,BP,X,BP,WQB,BP,BK,X,X,X,X,X,BP,X,X,WH,X,X,BP,X,X,BR,X,X,X,BQB,X,BR",2.209492815217993
"WR,WK,WQ,X,X,X,X,WR,WP,X,WP,WP,X,X,X,WP,BQ,X,X,X,WP,X,X,BKB,X,WP,X,BP,X,WP,WP,X,X,X,BP,X,X,BP,X,BP,WQB,BP,BK,X,X,X,X,X,BP,X,X,WH,X,X,BP,X,X,BR,X,X,X,BQB,X,BR",2.008629832016357
"WR,WK,WQ,X,X,X,X,WR,WP,X,WP,WP,X,X,X,WP,BQ,X,X,X,WP,X,X,BKB,X,WP,X,BP,X,WP,WP,X,X,X,BP,X,X,BP,X,BP,WQB,BP,X,X,X,X,X,X,BP,X,BK,WH,X,X,BP,X,X,BR,X,X,X,BQB,X,BR",1.8260271200148699
"WR,WK,WQ,X,X,X,X,WR,WP,X,WP,WP,X,X,X,WP,BQ,X,X,X,WP,X,X,BKB,X,WP,X,BP,X,WP,WP,X,X,WQB,BP,X,X,BP,X,BP,BH,BP,X,X,X,X,X,X,BP,X,BK,WH,X,X,BP,X,X,BR,X,X,X,BQB,X,BR",1.6600246545589725
"WR,WK,WQ,X,X,X,X,WR,WP,X,WP,WP,X,X,X,WP,BQ,X,X,X,WP,X,X,BKB,X,WP,X,BP,X,WP,WP,X,X,WQB,BP,X,X,X,X,BP,BH,BP,X,X,X,BP,X,X,BP,X,BK,WH,X,X,BP,X,X,BR,X,X,X,BQB,X,BR",1.5091133223263384
"WR,WK,WQ,X,X,X,X,WR,WP,X,WP,WP,X,X,X,WP,BQ,X,X,X,WP,X,X,BKB,X,WP,X,BP,X,WP,WP,X,X,WQB,BP,X,WH,X,X,BP,BH,BP,X,X,X,BP,X,X,BP,X,BK,X,X,X,BP,X,X,BR,X,X,X,BQB,X,BR",1.371921202114853
"WR,WK,WQ,X,X,X,X,WR,WP,X,WP,WP,X,X,X,WP,BQ,X,X,X,WP,X,X,BKB,X,WP,X,X,X,WP,WP,X,X,WQB,BP,BP,WH,X,X,BP,BH,BP,X,X,X,BP,X,X,BP,X,BK,X,X,X,BP,X,X,BR,X,X,X,BQB,X,BR",1.2472010928316846
"WR,WK,X,X,X,X,WQ,WR,WP,X,WP,WP,X,X,X,WP,BQ,X,X,X,WP,X,X,BKB,X,WP,X,X,X,WP,WP,X,X,WQB,BP,BP,WH,X,X,BP,BH,BP,X,X,X,BP,X,X,BP,X,BK,X,X,X,BP,X,X,BR,X,X,X,BQB,X,BR",1.1338191753015314
"WR,WK,X,X,X,X,WQ,WR,WP,X,WP,WP,X,X,X,WP,BQ,X,X,X,WP,X,X,BKB,X,WP,X,X,X,WP,WP,X,X,WQB,BP,BP,WH,X,X,BP,BH,BP,X,X,X,X,X,X,BP,X,BK,X,X,BP,BP,X,X,BR,X,X,X,BQB,X,BR",1.030744704819574
"WR,WK,X,X,X,X,WQ,WR,WP,X,WP,WP,X,X,X,WP,BQ,X,X,X,WP,WH,X,BKB,X,WP,X,X,X,WP,WP,X,X,WQB,BP,BP,BH,X,X,BP,BH,BP,X,X,X,X,X,X,BP,X,BK,X,X,BP,BP,X,X,BR,X,X,X,BQB,X,BR",0.9370406407450671
"WR,WK,X,X,X,X,WQ,WR,WP,X,WP,WP,X,X,X,WP,BQ,X,X,X,WP,WH,X,BKB,X,WP,X,X,X,WP,WP,X,X,WQB,BP,BP,X,X,X,BP,BH,BP,X,X,X,X,BH,X,BP,X,BK,X,X,BP,BP,X,X,BR,X,X,X,BQB,X,BR",0.8518551279500609
"WR,WK,X,X,X,X,WQ,WR,WP,X,WP,WP,X,X,X,WP,BQ,X,X,X,WP,WH,WP,BKB,X,WP,X,X,X,WP,X,X,X,WQB,BP,BP,X,X,X,BP,BH,BP,X,X,X,X,BH,X,BP,X,BK,X,X,BP,BP,X,X,BR,X,X,X,BQB,X,BR",0.7744137526818735
"WR,WK,X,X,X,X,WQ,WR,WP,X,WP,WP,X,X,X,WP,BQ,X,X,X,WP,WH,WP,BKB,X,WP,X,X,X,WP,X,X,X,WQB,BP,BP,X,X,X,BP,BH,BP,X,X,X,X,BH,X,BP,X,BK,X,X,BP,BP,X,BR,X,X,X,X,BQB,X,BR",0.7040125024380668
"WR,WK,X,X,WQ,X,X,WR,WP,X,WP,WP,X,X,X,WP,BQ,X,X,X,WP,WH,WP,BKB,X,WP,X,X,X,WP,X,X,X,WQB,BP,BP,X,X,X,BP,BH,BP,X,X,X,X,BH,X,BP,X,BK,X,X,BP,BP,X,BR,X,X,X,X,BQB,X,BR",0.640011365852788
"WR,WK,X,X,WQ,X,X,WR,WP,X,WP,WP,X,X,X,WP,BQ,X,X,X,WP,WH,WP,BKB,X,WP,X,X,X,WP,X,X,X,WQB,BP,BP,X,X,X,BP,BH,X,X,X,X,X,BH,X,BP,BP,BK,X,X,BP,BP,X,BR,X,X,X,X,BQB,X,BR",0.5818285144116253
"WR,X,WK,X,WQ,X,X,WR,WP,X,WP,WP,X,X,X,WP,BQ,X,X,X,WP,WH,WP,BKB,X,WP,X,X,X,WP,X,X,X,WQB,BP,BP,X,X,X,BP,BH,X,X,X,X,X,BH,X,BP,BP,BK,X,X,BP,BP,X,BR,X,X,X,X,BQB,X,BR",0.5289350131014775
"WR,X,WK,X,WQ,X,X,WR,WP,X,WP,WP,X,X,X,WP,X,X,X,X,WP,WH,WP,BKB,BQ,WP,X,X,X,WP,X,X,X,WQB,BP,BP,X,X,X,BP,BH,X,X,X,X,X,BH,X,BP,BP,BK,X,X,BP,BP,X,BR,X,X,X,X,BQB,X,BR",0.480850011910434
"WR,X,WK,X,WQ,X,X,WR,WP,X,WP,WP,WQB,X,X,WP,X,X,X,X,WP,WH,WP,BKB,BQ,WP,X,X,X,WP,X,X,X,X,BP,BP,X,X,X,BP,BH,X,X,X,X,X,BH,X,BP,BP,BK,X,X,BP,BP,X,BR,X,X,X,X,BQB,X,BR",0.4371363744640309
"WR,X,WK,X,WQ,X,X,WR,WP,X,WP,WP,WQB,X,X,WP,X,X,X,X,WP,WH,WP,BKB,BQ,WP,X,X,X,WP,X,X,X,X,BP,BP,X,X,X,X,BH,X,X,X,X,X,BH,BP,BP,BP,BK,X,X,BP,BP,X,BR,X,X,X,X,BQB,X,BR",0.39739670405820987
"WR,X,X,WK,WQ,X,X,WR,WP,X,WP,WP,WQB,X,X,WP,X,X,X,X,WP,WH,WP,BKB,BQ,WP,X,X,X,WP,X,X,X,X,BP,BP,X,X,X,X,BH,X,X,X,X,X,BH,BP,BP,BP,BK,X,X,BP,BP,X,BR,X,X,X,X,BQB,X,BR",0.36126973096200893
"WR,X,X,WK,WQ,X,X,WR,WP,X,WP,WP,WQB,X,X,WP,X,X,X,X,WP,WH,WP,BKB,BQ,WP,X,X,X,WP,X,X,X,X,BP,BP,X,X,X,X,BH,X,X,X,X,X,BH,BP,BP,BP,BK,X,X,BP,BP,X,BR,X,X,X,X,BQB,BR,X",0.3284270281472808
"WR,X,X,WK,WQ,WQB,X,WR,WP,X,WP,WP,X,X,X,WP,X,X,X,X,WP,WH,WP,BKB,BQ,WP,X,X,X,WP,X,X,X,X,BP,BP,X,X,X,X,BH,X,X,X,X,X,BH,BP,BP,BP,BK,X,X,BP,BP,X,BR,X,X,X,X,BQB,BR,X",0.2985700255884371
"WR,X,X,WK,WQ,WQB,X,WR,WP,X,WP,WP,X,X,X,WP,X,X,X,X,WP,WH,WP,BKB,BQ,WP,X,X,X,WP,X,X,X,X,BP,BP,X,X,X,X,BH,X,X,X,X,X,BH,BP,BP,BP,BK,X,X,BP,BP,X,BR,X,X,X,X,BQB,X,BR",0.2714272959894882
"WR,X,X,WK,WQ,X,X,WR,WP,X,WP,WP,X,X,X,WP,X,X,X,WQB,WP,WH,WP,BKB,BQ,WP,X,X,X,WP,X,X,X,X,BP,BP,X,X,X,X,BH,X,X,X,X,X,BH,BP,BP,BP,BK,X,X,BP,BP,X,BR,X,X,X,X,BQB,X,BR",0.2467520872631711
"WR,X,X,WK,WQ,X,X,WR,WP,X,WP,WP,X,X,X,WP,X,X,X,WQB,WP,WH,WP,BKB,BQ,WP,X,X,X,WP,X,X,X,X,BP,BP,X,X,X,X,BH,X,X,X,X,X,X,BP,BP,BP,BK,X,BH,BP,BP,X,BR,X,X,X,X,BQB,X,BR",0.22432007933015552
"WR,X,X,WK,WQ,X,X,WR,WP,X,WP,WP,X,X,X,WP,X,X,X,X,WP,WH,WP,BKB,BQ,WP,WQB,X,X,WP,X,X,X,X,BP,BP,X,X,X,X,BH,X,X,X,X,X,X,BP,BP,BP,BK,X,BH,BP,BP,X,BR,X,X,X,X,BQB,X,BR",0.2039273448455959
"WR,X,X,WK,WQ,X,X,WR,WP,X,WP,WP,X,X,X,WP,X,X,X,X,WP,WH,WP,BKB,BQ,WP,WQB,X,X,WP,X,X,X,X,BP,WH,X,X,X,X,BH,X,X,X,BP,X,X,BP,BP,BP,BK,X,BH,BP,BP,X,BR,X,X,X,X,BQB,X,BR",0.1853884953141781
"WR,X,X,WK,WQ,X,X,WR,WP,X,WP,WP,X,X,X,WP,X,X,WH,X,WP,WH,WP,BKB,BQ,WP,WQB,X,X,WP,X,X,X,X,BP,BP,X,X,X,X,BH,X,X,X,BP,X,X,BP,BP,BP,BK,X,BH,BP,BP,X,BR,X,X,X,X,BQB,X,BR",0.1685349957401619
"WR,X,X,WK,WQ,X,X,WR,WP,X,WP,WP,X,X,X,WP,X,X,WH,X,WP,WH,WP,BKB,BQ,WP,WQB,X,X,WP,X,X,X,X,BP,BP,X,X,X,X,BH,X,X,X,BP,X,X,BP,BP,BP,WKB,X,BH,BP,BP,X,BR,X,X,BK,X,BQB,X,BR",0.15321363249105627
"WR,X,X,WK,WQ,X,X,WR,WP,X,WP,WP,X,X,X,WP,X,X,WH,X,WP,WH,WP,BKB,BQ,WP,WQB,X,X,WP,X,X,X,X,BP,BP,WKB,X,X,X,BH,X,X,X,BP,X,X,BP,BP,BP,X,X,BH,BP,BP,X,BR,X,X,BK,X,BQB,X,BR",0.13928512044641478
"WR,X,X,WK,WQ,X,X,WR,WP,X,WP,WP,X,X,X,WP,X,X,WH,X,WP,WH,WP,BKB,BQ,WP,WQB,X,X,WP,X,X,X,X,BP,BP,WKB,X,X,X,BH,X,X,X,BP,X,X,X,BP,BP,X,X,BH,BP,BP,BP,BR,X,X,BK,X,BQB,X,BR",0.12662283676946798
"WR,X,X,WK,WQ,X,WH,WR,WP,X,WP,WP,X,X,X,WP,X,X,WH,X,WP,X,WP,BKB,BQ,WP,WQB,X,X,WP,X,X,X,X,BP,BP,WKB,X,X,X,BH,X,X,X,BP,X,X,X,BP,BP,X,X,BH,BP,BP,BP,BR,X,X,BK,X,BQB,X,BR",0.11511166979042542
"WR,X,X,WK,WQ,X,WH,WR,WP,X,WP,WP,X,X,X,WP,BQ,X,WH,X,WP,X,WP,BKB,X,WP,WQB,X,X,WP,X,X,X,X,BP,BP,WKB,X,X,X,BH,X,X,X,BP,X,X,X,BP,BP,X,X,BH,BP,BP,BP,BR,X,X,BK,X,BQB,X,BR",0.10464697253675037
"WR,X,X,WK,WQ,X,WH,WR,WP,X,WP,WP,X,X,X,WP,BQ,X,WH,X,WP,WP,WP,BKB,X,WP,WQB,X,X,X,X,X,X,X,BP,BP,WKB,X,X,X,BH,X,X,X,BP,X,X,X,BP,BP,X,X,BH,BP,BP,BP,BR,X,X,BK,X,BQB,X,BR",0.09513361139704578
"WR,X,X,WK,WQ,X,WH,WR,WP,X,WP,WP,X,X,X,WP,BQ,X,WH,X,WP,WP,WP,BKB,X,WP,WQB,X,X,X,X,X,X,X,X,BP,WKB,X,X,X,BH,X,X,X,BP,X,X,X,BP,BP,BP,X,BH,BP,BP,BP,BR,X,X,BK,X,BQB,X,BR",0.08648510127004161
"WR,WH,X,WK,WQ,X,WH,WR,WP,X,WP,WP,X,X,X,WP,BQ,X,X,X,WP,WP,WP,BKB,X,WP,WQB,X,X,X,X,X,X,X,X,BP,WKB,X,X,X,BH,X,X,X,BP,X,X,X,BP,BP,BP,X,BH,BP,BP,BP,BR,X,X,BK,X,BQB,X,BR",0.07862281933640146
"WR,WH,X,WK,WQ,X,WH,WR,WP,X,WP,WP,X,X,X,WP,BQ,X,X,X,WP,WP,WP,BKB,X,WP,WQB,X,X,X,X,X,X,X,X,BP,WKB,X,X,X,X,X,X,X,BP,X,X,X,BP,BP,BP,X,BH,BP,BP,BP,BR,BH,X,BK,X,BQB,X,BR",0.0714752903058195
"WR,WH,X,WK,WQ,X,WH,WR,WP,X,WP,WP,WQB,X,X,WP,BQ,X,X,X,WP,WP,WP,BKB,X,WP,X,X,X,X,X,X,X,X,X,BP,WKB,X,X,X,X,X,X,X,BP,X,X,X,BP,BP,BP,X,BH,BP,BP,BP,BR,BH,X,BK,X,BQB,X,BR",0.0649775366416541
"WR,WH,X,WK,WQ,X,WH,WR,WP,X,WP,WP,WQB,X,X,WP,BQ,X,X,X,WP,WP,WP,BKB,X,WP,X,X,X,X,X,X,X,X,X,BP,WKB,X,X,X,X,X,X,X,BP,X,X,X,BP,BP,BP,X,X,BP,BP,BP,BR,BH,X,BK,X,BQB,BH,BR",0.059070487856049174
"WR,WH,X,WK,WQ,WQB,WH,WR,WP,X,WP,WP,X,X,X,WP,BQ,X,X,X,WP,WP,WP,BKB,X,WP,X,X,X,X,X,X,X,X,X,BP,WKB,X,X,X,X,X,X,X,BP,X,X,X,BP,BP,BP,X,X,BP,BP,BP,BR,BH,X,BK,X,BQB,BH,BR",0.05370044350549925
"WR,WH,X,WK,WQ,WQB,WH,WR,WP,X,WP,WP,X,X,X,WP,BQ,X,X,X,WP,WP,WP,BKB,X,WP,X,X,X,X,X,X,X,X,X,BP,WKB,X,X,X,X,X,X,X,X,X,X,X,BP,BP,BP,X,BP,BP,BP,BP,BR,BH,X,BK,X,BQB,BH,BR",0.04881858500499931
"WR,WH,X,WK,WQ,WQB,WH,WR,WP,X,WP,WP,X,X,WP,WP,BQ,X,X,X,WP,WP,X,BKB,X,WP,X,X,X,X,X,X,X,X,X,BP,WKB,X,X,X,X,X,X,X,X,X,X,X,BP,BP,BP,X,BP,BP,BP,BP,BR,BH,X,BK,X,BQB,BH,BR",0.044380531822726645
"WR,WH,X,WK,WQ,WQB,WH,WR,WP,X,WP,WP,X,X,WP,WP,X,X,X,X,WP,WP,X,BKB,X,WP,X,X,X,X,X,X,X,X,X,BP,WKB,X,X,X,BQ,X,X,X,X,X,X,X,BP,BP,BP,X,BP,BP,BP,BP,BR,BH,X,BK,X,BQB,BH,BR",0.04034593802066058
"WR,WH,X,WK,WQ,WQB,WH,WR,WP,WKB,WP,WP,X,X,WP,WP,X,X,X,X,WP,WP,X,BKB,X,WP,X,X,X,X,X,X,X,X,X,BP,X,X,X,X,BQ,X,X,X,X,X,X,X,BP,BP,BP,X,BP,BP,BP,BP,BR,BH,X,BK,X,BQB,BH,BR",0.0366781254733278
"WR,WH,X,WK,WQ,WQB,WH,WR,WP,WKB,WP,WP,X,X,WP,WP,X,X,X,X,WP,WP,X,BKB,BQ,WP,X,X,X,X,X,X,X,X,X,BP,X,X,X,X,X,X,X,X,X,X,X,X,BP,BP,BP,X,BP,BP,BP,BP,BR,BH,X,BK,X,BQB,BH,BR",0.033343750430298
"WR,WH,X,WK,WQ,WQB,WH,WR,WP,WKB,WP,WP,WP,X,WP,WP,X,X,X,X,X,WP,X,BKB,BQ,WP,X,X,X,X,X,X,X,X,X,BP,X,X,X,X,X,X,X,X,X,X,X,X,BP,BP,BP,X,BP,BP,BP,BP,BR,BH,X,BK,X,BQB,BH,BR",0.030312500391179994
"WR,WH,X,WK,WQ,WQB,WH,WR,WP,WKB,WP,WP,WP,X,WP,WP,X,X,X,X,X,WP,X,BKB,X,WP,X,X,X,X,X,X,X,X,X,BP,X,X,X,X,X,X,X,X,X,X,X,X,BP,BP,BP,X,BP,BP,BP,BP,BR,BH,X,BK,BQ,BQB,BH,BR",0.027556818537436356
"WR,WH,WKB,WK,WQ,WQB,WH,WR,WP,X,WP,WP,WP,X,WP,WP,X,X,X,X,X,WP,X,BKB,X,WP,X,X,X,X,X,X,X,X,X,BP,X,X,X,X,X,X,X,X,X,X,X,X,BP,BP,BP,X,BP,BP,BP,BP,BR,BH,X,BK,BQ,BQB,BH,BR",0.02505165321585123
"WR,WH,WKB,WK,WQ,WQB,WH,WR,WP,X,WP,WP,WP,X,WP,WP,X,X,X,X,X,WP,X,X,X,WP,X,X,X,X,X,X,X,X,X,BP,X,X,X,X,X,X,X,X,X,X,X,X,BP,BP,BP,X,BP,BP,BP,BP,BR,BH,BKB,BK,BQ,BQB,BH,BR",0.022774230196228387
"WR,WH,WKB,WK,WQ,WQB,WH,WR,WP,WP,WP,WP,WP,X,WP,WP,X,X,X,X,X,WP,X,X,X,X,X,X,X,X,X,X,X,X,X,BP,X,X,X,X,X,X,X,X,X,X,X,X,BP,BP,BP,X,BP,BP,BP,BP,BR,BH,BKB,BK,BQ,BQB,BH,BR",0.020703845632934897
"WR,WH,WKB,WK,WQ,WQB,WH,WR,WP,WP,WP,WP,WP,X,WP,WP,X,X,X,X,X,WP,X,X,X,X,X,X,X,X,X,X,X,X,X,X,X,X,X,X,X,X,X,X,X,X,X,X,BP,BP,BP,BP,BP,BP,BP,BP,BR,BH,BKB,BK,BQ,BQB,BH,BR",0.018821677848122633
